barcode;prix_vente
9789954074572;40,00
9782733887004;160,00
9782733856468;175,00
9782733853580;95,00
9782733853597;95,00
9782733838297;100,00
9782733830611;99,00
9782733843444;255,00
9782733806920;245,00
9782733811542;30,00
9782733826171;25,00
9782733845394;100,00
9782733886762;115,00
9782210763708;116,00
9782210764354;132,00
9782210779402;132,00
9782210770836;172,00
9782733864517;65,00
9782091868080;91,00
9782091868097;147,00
9782095026271;156,00
9782095026288;156,00
9782095026257;156,00
9782095026264;156,00
9954073019;33,00
9954072837;19,00
9954073590;27,00
9954073469;21,00
9954073964;37,00
9782091251745;51,50
9782091251769;51,50
9782091252483;51,50
9782091252506;51,50
9782095017200;55,50
9782091251820;55,50
9782091251844;55,50
9782091251868;55,50
9782091033754;133,50
9782095029913;119,50
9782095029951;60,00
9782095029944;66,50
9782095029968;73,50
9782091843735;104,00
9782091843742;66,00
9782091843759;132,50
9782091861166;66,00
9782091249155;103,00
9782091249162;103,00
9782091243757;73,00
9782091249193;61,00
9782091249209;61,00
9782091249216;61,00
9782091249223;61,00
9782091249230;61,00
9782091222448;116,50
9782091222455;116,50
9782091227016;69,00
9782091227023;69,00
9782091227030;69,00
9782091227047;69,00
9782091227054;69,00
9782091227061;69,00
9782091227078;69,00
9782091227085;69,00
9782091240886;116,50
9782091240893;116,50
9782091228013;69,00
9782091228020;69,00
9782091228037;69,00
9782091228044;69,00
9782091228051;69,00
9782091228068;69,00
9782095030346;170,50
9782095033507;153,50
9782095063740;73,00
9782095063719;59,50
9782095063726;59,50
9782095063733;59,50
9782095014735;121,50
9782095014773;121,50
9782095014742;79,50
9782095014759;79,50
9782095048679;121,50
9782095048686;121,50
9782095048693;131,00
9782091249018;162,50
9782091249025;121,50
9782091243955;77,00
9782091249063;59,50
9782091249070;59,50
9782091249087;59,50
9782091249094;59,50
9782091249100;59,50
9782095048358;191,50
9782095048372;131,00
9782091243443;99,00
9782091243450;99,00
3133091222147;304,00
9782091249247;99,00
9782091249254;99,00
3133091243746;304,00
9782091241869;191,50
9782091241876;99,00
9782091241883;99,00
9782091215556;231,00
9782091215563;128,50
9782091215570;128,50
9782091220307;118,50
9782091220314;105,00
9782091220321;118,50
9782091220338;105,00
9782091268057;129,50
9782091268071;129,50
9782095063399;91,50
9782095063405;91,50
9782095052089;100,50
9782095052096;100,50
9782095052102;100,50
9782095052119;100,50
9782091244105;210,00
9782091242576;210,00
9782095063412;117,50
9782091243986;117,50
9782095033569;83,50
3133099106487;335,50
9782095063429;117,50
9782091243993;117,50
9782095020682;83,50
3133099095422;256,50
9782091244006;117,50
9782091244013;117,50
9782091252230;83,50
3133099077329;459,50
9782095048273;69,00
9782095048297;69,00
9782091243795;207,50
9782091243801;102,00
9782091243825;220,50
9782091243832;102,00
9782091243856;220,50
9782091243863;102,00
9782091243887;220,50
9782091243894;102,00
9782091243917;221,00
9782091243924;102,00
9782091249537;223,50
9782095022297;100,50
9782091249568;223,50
9782095022303;100,50
9782091249599;223,50
9782095022310;100,50
9782091249629;223,50
9782095022327;100,50
9782091217413;244,50
9782091224077;118,50
9789981348370;58,00
9782091217437;244,50
9782091224084;118,50
9789981348387;58,00
9782091217628;244,50
9782091224091;118,50
9789981348394;58,00
9782091217642;244,50
9782091224107;118,50
9789981348400;58,00
9782091220468;255,00
9782091205373;128,50
9782091220482;255,00
9782091205403;128,50
9782091220505;255,00
9782091205434;128,50
9782091220529;255,00
9782091205465;128,50
9782091225715;118,50
9782091225722;118,50
9782091225739;118,50
9782091225746;118,50
9782091225753;118,50
9782091225760;118,50
9782091227481;118,50
9782091225913;139,00
9782091225920;139,00
9782091225937;139,00
9782091211725;156,00
9782091211749;156,00
9782095048600;69,00
9782095048617;116,50
9782095048631;81,00
9782095048648;116,50
9782095048655;71,50
9782095048662;92,00
9782095063658;73,00
9782095063672;86,00
9782095063689;86,00
9782091241630;104,50
9782091241692;77,00
9782091241708;77,00
9782091241715;77,00
9782091241739;77,00
9782091241746;77,00
9782091241753;77,00
9782091226606;105,00
9782091224374;105,00
9782091224114;105,00
9782091224435;105,00
9782091225272;105,00
9782091242460;65,50
9782091242477;65,50
9782091252292;65,50
9782091252308;65,50
9782095015534;65,00
9782095060336;65,00
9782091242491;91,50
9782091242507;91,50
9782091242514;91,50
9782091242521;91,50
9782091226644;116,50
9782091226651;116,50
9782091226668;116,50
9782091228204;116,50
9782091228228;116,50
9782091242644;92,00
9782091242651;92,00
9782091244167;92,00
9782091242668;92,00
9782091244372;83,50
9782091244389;83,50
9782091242606;83,50
9782091242620;83,50
9782095020224;83,50
9782095020231;83,50
9782095020217;83,50
9782091244334;139,00
9782091244358;139,00
9782091242194;152,00
9782091242217;152,00
9782091251363;152,00
9782091251387;178,50
9782095033767;65,00
9782095033774;65,00
9782095046651;65,00
9782095051501;117,50
9782095046590;117,50
9782095032685;117,50
9782095060862;117,50
9782091251073;117,50
9782091251080;117,50
9782095053284;170,50
9782095047733;170,50
9782095064174;170,50
9782091249735;170,50
9782091241043;176,00
9782091241777;176,00
9782091244204;263,00
9782091244211;263,00
9782095047726;154,50
9782095061548;154,50
9782095061555;154,50
9782095064051;210,00
9782091242675;210,00
9782095064099;158,50
9782095064105;158,50
9782091252360;82,00
9782091252377;82,00
9782091241807;223,50
9782091228341;223,50
9782091228280;223,50
9782091241906;86,00
9782091241913;86,00
9782091241920;86,00
9782091252384;74,00
9782091252001;79,00
9782091242712;79,00
9782095064129;79,00
9782091242729;79,00
9782095064136;79,00
9782091241821;263,00
9782091240862;263,00
9782095064792;83,50
9782095064808;83,50
9782091252070;83,50
9782091242804;83,50
9782091252087;83,50
9782091242811;83,50
9782091252216;73,00
9782725645186;86,00
9782725645193;95,00
9782725645728;127,00
9782725641508;110,00
9782725641515;65,00
9782725641522;100,00
9782725641614;180,00
9782725641119;110,00
9782725641126;65,00
9782725648446;100,00
9782725641225;180,00
9782725647418;145,50
9782725646725;145,50
9782725641775;145,50
9782725642024;185,00
9782725646947;170,50
9782725642321;170,50
9782725647531;145,50
9782725635712;145,50
9782725647869;74,00
9782725647852;119,00
9782725643748;131,00
9782725636696;224,50
9782725636955;45,00
9782725636962;45,00
9782725636979;45,00
9782725636986;45,00
9782725636993;45,00
9782725641089;224,50
9782725640600;45,00
9782725640617;45,00
9782725640624;45,00
9782725643830;205,00
9782725649009;145,50
9782725648996;74,00
9782725642444;224,50
9782725640587;45,00
9782725640594;45,00
9782725641959;45,00
9782725641973;45,00
9782725641997;45,00
9782725645797;224,50
9782725643762;45,00
9782725643786;45,00
9782725647579;205,00
9782725648989;145,50
9782725645155;197,00
9782725647036;145,50
9782725647913;115,00
9782725648040;119,00
9782725648002;91,50
9782725647975;91,50
9782725647937;74,00
9789920762168;42,00
9782725646190;224,50
9782725647920;115,00
9782725647982;119,00
9782725648859;91,50
9782725647999;91,50
9782725647944;74,00
9782725647333;224,50
9782725647586;210,00
9782725647593;145,50
9782725647609;74,00
9782725634265;197,00
9782725634272;103,00
9782725634289;103,00
9782725640631;79,50
9782725635095;1024,50
9782725634296;197,00
9782725634302;103,00
9782725634319;103,00
9782725641768;79,50
9782725631875;1024,50
9782725643595;86,00
9782725646961;86,00
9782725649573;86,00
9782725647432;100,50
9782725647685;100,50
9782725649238;100,50
9782725643359;100,50
9782725649245;100,50
9782725645124;106,00
9782725649207;100,50
9782725649214;100,50
9782725646930;178,50
9782725646923;73,00
9782725647364;178,50
9782725647388;211,50
9782725647272;73,00
9782725648880;183,50
9782725648903;183,50
9782725648866;99,00
9782725649085;99,00
9782725645292;112,50
9782725635019;132,00
9782725637884;214,00
9782725637891;100,50
9782725637907;214,00
9782725637914;100,50
9782725647777;100,50
9782725649351;100,50
9782725641782;100,50
9782725645674;100,50
9782725647791;100,50
9782725643199;100,50
9782725643205;100,50
9782725646732;172,00
9782725634739;172,00
9782725634753;172,00
9782725634906;242,00
9782725634890;78,00
9782725649276;210,00
9782725649269;78,00
9782725649306;210,00
9782725649290;78,00
9782725631462;150,00
9782725646954;172,00
9782725648521;172,00
9782725648545;172,00
9782725636801;79,50
9782725637204;79,50
9782725648071;172,00
9782725642123;172,00
9782725646244;172,00
9782725646251;172,00
9782725646268;172,00
9782725640563;223,50
9782725640549;78,00
9782725641881;223,50
9782725641867;78,00
9782725642628;166,50
9782725642604;102,00
9782725649665;166,50
9782725642611;102,00
9782725645605;166,50
9782725645599;102,00
9782725637228;224,50
9782725637235;78,00
9782725638423;224,50
9782725638430;78,00
9782725636276;86,00
9782725636283;86,00
9782725632292;106,00
9782725636337;99,00
9782725637587;99,00
9782725646794;78,00
9782725637600;99,00
9782725646893;78,00
9782725634708;99,00
9782725635576;99,00
9782725637624;99,00
9782725637648;99,00
9782725640020;99,00
9782725640037;99,00
9782725649467;104,50
9782725649504;104,50
9782725645278;104,50
9782223113958;46,50
9782223114528;51,50
9782223114160;51,50
9782223114177;53,00
9782223114542;65,00
9782223114313;78,00
9782223113545;78,00
9782223011278;78,00
9782223113484;66,00
9782223011551;66,00
9782223113491;66,00
9782223011568;77,00
9782223113521;77,00
9782223010899;77,00
9782223011148;77,00
9782223113538;79,50
9782223010905;131,00
9782223010912;131,00
9782223010929;131,00
9782223010936;131,00
9782223010943;131,00
9782223010950;131,00
9782223010967;131,00
9782223010974;131,00
9782223011018;131,00
9782223011667;131,00
9782223011674;131,00
9782223011681;131,00
9782223011698;131,00
9782223011490;117,50
9782223011506;117,50
9782223114207;156,00
9782223114498;73,00
9782223114481;73,00
9782223011209;178,50
9782223011216;73,00
9782223011223;73,00
9782223112944;178,50
9782223112555;178,50
9782223112562;205,00
9782223113934;78,00
9782223113064;78,00
9782223113330;78,00
9782223113408;78,00
9782223114276;191,50
9782223114252;70,00
9782223114269;70,00
9782223011131;74,00
9782223011575;74,00
9782223114573;66,00
9782223114580;66,00
9782223114214;79,00
9782223114221;79,00
9782223011247;70,00
9782223011254;70,00
9782223011612;79,00
9782223011629;79,00
9782223101636;79,00
9782223113873;66,00
9782223113880;79,00
9782223113897;79,00
9782223011285;66,00
9782223011292;79,00
9782223011308;79,00
9782223011643;79,00
9782223011650;79,00
9782091717456;340,00
9782095025458;340,00
9782095025441;340,00
9782095025434;365,00
9782095051778;368,50
9782091717128;368,50
9954074411;16,00
9782095059392;368,50
9782091721286;368,50
9782091717135;368,50
9782091717586;383,00
9782091717593;383,00
9782095034924;368,50
9782095062903;368,50
9782091716282;290,50
9782091716336;59,50
9782091716343;59,50
9782092493588;132,50
9782748514070;106,00
9782095034832;86,00
9782095063191;86,00
9782091721446;86,00
9782091712970;86,00
9782095051808;117,50
9782095063214;117,50
9782091716367;117,50
9782091716374;117,50
9782091723877;104,50
9782091723884;104,50
9782095020965;81,00
9782095021443;81,00
9782091717197;383,00
9782095047764;117,50
9782091717692;117,50
9782091721477;117,50
9782091717623;396,00
9782091717630;396,00
9782091717647;409,50
9782091717654;409,50
9782091725413;112,50
9782091725420;112,50
9782091725543;112,50
9782091718941;416,00
9782095033385;416,00
9782091718958;416,00
9782095018566;429,00
9782091718965;462,00
9782091725512;429,00
9782091718972;462,00
9782091718873;277,50
9782095062798;86,00
9782095037697;86,00
9782095048754;86,00
9782095062811;86,00
9782095066086;86,00
9782095066093;86,00
9782095035105;368,50
9782091647166;389,50
9782095035112;144,00
9782095051136;144,00
9782095066833;144,00
9782091673868;144,00
9782091719429;370,00
9782095027568;95,50
9782095036737;342,00
9782095065973;342,00
9782095052812;342,00
9782091718835;342,00
9782091719122;342,00
9782095066055;342,00
9782091718859;342,00
9782091719146;342,00
9782091729381;342,00
9782091719160;342,00
9782091729404;342,00
9782091719184;342,00
9782091719214;449,00
9782095052829;91,50
9782095066079;91,50
9782091729367;91,50
9782095052836;91,50
9782091728995;99,00
9782091717968;330,00
9782091717975;330,00
9782091717982;330,00
9782091717944;436,00
9782091729343;104,50
9782091719764;104,50
9782095021870;104,50
9782095066109;65,00
9782091712727;350,00
9782091712741;350,00
9782091712734;350,00
9782091712697;436,00
9782091712529;436,00
9782091729350;104,50
9782091719870;104,50
9782095021894;104,50
9782095046279;302,50
9782095048846;112,50
9782095061562;302,50
9782095061579;112,50
9782095030889;158,50
9782095018184;304,00
9782095020910;119,00
9782091781815;304,00
9782091781822;119,00
9782091780320;323,50
9782091780337;119,00
9782091780511;323,50
9782091780528;119,00
9782091780900;323,50
9782091780917;119,00
9782091780931;323,50
9782091780948;119,00
9782091780962;323,50
9782091780979;119,00
9782095020941;94,00
9782095030520;94,00
9782095020927;94,00
9782095034801;117,50
9782095048006;117,50
9782095030896;290,50
9782095062767;91,50
9782095018498;310,50
9782095022006;96,50
9782091781846;310,50
9782091781303;317,00
9782091781310;96,50
9782091780351;317,00
9782091780368;96,50
9782091780382;317,00
9782091780399;96,50
9782091755434;330,00
9782091755441;112,50
9782091755465;330,00
9782091755472;112,50
9782091780719;132,00
9782091780726;132,00
9782091780733;132,00
9782095018528;158,50
9782091752532;310,50
9782091752556;116,50
9782091780412;310,50
9782091780429;116,50
9782091780443;310,50
9782091780450;116,50
9782095067618;329,00
9782091738918;442,50
9782091738956;116,50
9782091738949;116,50
9782091738932;116,50
9782091718668;86,00
9782091720524;495,00
9782091720531;465,00
9782091653020;434,50
9782091653051;434,50
9782091670973;348,50
9782091654478;197,00
9782091653181;447,50
9782091721422;238,00
9782091720982;119,00
9782091720999;119,00
9782091670959;131,00
9782091674544;157,50
9782091671932;91,50
9782095023836;117,50
9782091674001;104,50
9782091720876;106,00
9782091728643;356,50
9782091728667;356,50
9782091728681;356,50
9782091720548;517,50
9782091721149;525,50
9782091727981;515,00
9782091721439;125,50
9782091673479;131,00
9782091728285;462,00
9782091728391;343,50
9782091728575;462,00
9782091728582;343,50
9782091725307;482,00
9782095033408;462,00
9782091728278;462,00
9782095048778;462,00
9782091728315;462,00
9782091725284;482,00
9782095033392;462,00
9782091728292;462,00
9782095048808;462,00
9782091728742;462,00
9782091725314;462,00
9782091725499;132,00
9782091725482;132,00
9782091728889;581,00
9782091728896;594,00
9782091725369;594,00
9782091728865;581,00
9782091728872;594,00
9782091725352;594,00
9782095049805;527,00
9782091728766;527,00
9782091725338;535,00
9782095016593;302,50
9782091725970;310,50
9782091726298;131,00
9782095048822;462,00
9782091725994;513,50
9782095033415;475,50
9782091725376;527,00
9782091725468;513,50
9782091726366;462,00
9782091726779;495,00
9782095052843;462,00
9782091729053;462,00
9782095052850;99,00
9782091726373;79,50
9782091729435;92,50
9782095025366;131,00
9782091729084;495,00
9782095025359;304,00
9782091728919;535,00
9782091728933;462,00
9782091728957;462,00
9782091729060;475,50
9782091729176;528,00
9782091729251;568,00
9782091727059;475,50
9782091727073;528,00
9782091729312;568,00
9782091729190;462,00
9782091729275;488,50
9782091729138;455,50
9782091729244;112,50
9782095042813;370,00
9782091781525;370,00
9782091781402;104,50
9782095052249;370,00
9782091781426;370,00
9782091781495;104,50
9782095061616;370,00
9782091781570;376,50
9782091781587;515,00
9782091781778;515,00
9782091781013;117,50
9782091781020;117,50
9782095030513;94,00
9782095030506;94,00
9782091781143;94,00
9782091781150;94,00
9782091781105;94,00
9782091781112;94,00
9782091781129;94,00
9782091781136;94,00
9782095061371;94,00
9782095015015;94,00
9782091781204;94,00
9782091781082;94,00
9782091781167;94,00
9782091781174;94,00
9782091781099;94,00
9782091781198;94,00
9782095046071;94,00
9782091781181;94,00
9782095042820;370,00
9782091781556;370,00
9782095061678;370,00
9782091781280;370,00
9782095061715;370,00
9782091781594;383,00
9782091781600;502,00
9782091781563;370,00
9782091781617;396,00
9782091781754;112,50
9782091781761;112,50
9782091780818;317,00
9782091781624;416,00
9782091653686;329,00
9782091675985;302,50
9782091676005;302,50
9782091654355;329,00
9782095066857;183,50
9782095035501;368,50
9782091696379;342,00
9782095040116;139,00
9782091676029;403,00
9782091673318;403,00
9782091654737;329,00
9782095052492;276,00
9782091671314;276,00
9782091673332;276,00
9782091654379;329,00
9782095051174;197,00
9782091671116;368,50
9782095051167;197,00
9782095066864;197,00
9782095035174;197,00
9782091654454;342,00
9782091629056;144,00
9782091653938;408,00
9782091671949;408,00
9782091650845;403,00
9782091650777;310,50
9782091671239;376,50
9782091671253;376,50
9782091654072;244,50
9782091671192;244,50
9782091671215;244,50
9782095019662;329,00
9782095019686;329,00
9782091673424;244,50
9782091673448;244,50
9782091654119;329,00
9782091671277;376,50
9782091671093;376,50
9782091654096;276,00
9782091671291;296,00
9782091671581;296,00
9782091676227;296,00
9782091671604;296,00
9782091676203;223,50
9782095035150;223,50
9782091673882;223,50
9782095051150;342,00
9782095051143;289,50
9782091674377;284,00
9782095066420;243,00
9782095035068;243,00
9782095066437;395,00
9782095051112;296,00
9782091670317;296,00
9782091670331;296,00
9782095035051;447,50
9782095051075;376,50
9782095019563;348,50
9782091675787;434,50
9782095051129;403,00
9782095019280;315,50
9782095019303;315,50
9782095019341;315,50
9782095019372;315,50
9782091672663;355,50
9782095036867;178,50
9782095035310;434,50
9782091670829;434,50
9782091670928;395,00
9782091670942;395,00
9782091673486;131,00
9782091653723;368,50
9782091670843;368,50
9782095079079;210,00
9782095019198;276,00
9782091670966;164,00
9782095035242;263,00
9782095051198;263,00
9782095020576;315,50
9782095066475;263,00
9782095035259;263,00
9782095036607;315,50
9782095051204;263,00
9782095020590;315,50
9782095066482;263,00
9782095035266;263,00
9782095036638;315,50
9782095051211;263,00
9782095020606;309,00
9782095051228;302,50
9782095020613;342,00
9782095066499;302,50
9782095035273;302,50
9782095036645;342,00
9782095051235;329,00
9782091670515;323,50
9782095051242;355,50
9782095035280;329,00
9782095036652;355,50
9782095035297;329,00
9782095036669;355,50
9782091670560;350,00
9782095062026;39,50
9782095062064;65,50
9782095038984;65,50
9782210508903;78,00
9782210507814;78,00
9782210508637;51,50
9782210511026;165,00
9782210509702;51,50
9782210507791;69,00
9782210508880;69,00
9782210508897;78,00
9782210722019;94,00
9782210722026;94,00
9782210722033;94,00
9782210785083;65,00
9782210784574;77,00
9782210784581;77,00
9782210784598;77,00
9782210514638;482,00
9782210512146;117,50
9782210512160;117,50
9782210512153;91,50
9782210512177;78,00
9782210512184;78,00
9920762151;49,00
9782210512207;205,00
9782210512214;99,00
9782210512221;99,00
9782210504080;201,00
9782210504097;95,50
9782210504103;95,50
9782210500303;91,50
9782210504110;69,00
9782210504547;71,50
9782210504554;71,50
9782210501379;71,50
9782210504127;210,00
9782210504134;106,00
9782210504530;104,50
9782210656741;117,50
9782210656758;117,50
9782210656765;95,50
9782210656772;95,50
2090180572;42,00
9782210656802;214,00
9782210656819;95,50
9782210623651;62,50
9782210510722;80,00
9782210623668;62,50
9782210623675;62,50
9782210623682;62,50
9782210623699;62,50
9782210624344;125,50
9782210624283;99,00
9782210623873;62,50
9782210624009;62,50
9782210624016;62,50
9782210624108;62,50
9782210510739;80,00
9782210624115;60,00
9782210624313;99,00
9782210501904;59,50
9782210501928;59,50
9782210501935;59,50
9782210501942;59,50
9782210502055;59,50
9782210501874;125,50
9782210501881;99,00
9782210510746;80,00
9782210623743;65,00
9782210510753;80,00
9782210623750;65,00
9782210510760;80,00
9782210623767;65,00
9782210623774;65,00
9782210510777;80,00
9782210623781;65,00
9782210624375;131,00
9782210624399;73,00
9782210624191;65,00
9782210624214;65,00
9782210624207;69,00
9782210510784;80,00
9782210624221;65,00
9782210624238;65,00
9782210510791;80,00
9782210623897;69,00
9782210623903;69,00
9782210510807;80,00
9782210623910;69,00
9782210623927;69,00
9782210623934;69,00
9782210510814;80,00
9782210623941;69,00
9782210510821;90,00
9782210625013;73,00
9782210625020;83,50
9782210510838;90,00
9782210625037;78,00
9782210625099;69,00
9782210625112;74,00
9782210510845;90,00
9782210625105;74,00
9782210510852;90,00
9782210625044;78,00
9782210510869;90,00
9782210625051;78,00
9782210625068;73,00
9782210510876;90,00
9782210625136;81,00
9782210625143;77,00
9782210625129;69,00
9782210503069;227,50
9782210503137;108,50
9782210503083;227,50
9782210503144;108,50
9782210503090;227,50
9782210503151;108,50
9782210503113;227,50
9782210503168;108,50
9782210113503;251,00
9782210113671;125,50
9782210508507;227,50
9782210508484;227,50
9782210514607;174,50
9782210506732;174,50
9782210514997;178,50
9782210504158;177,00
9782210513365;210,00
9782210505377;207,50
9782210511361;210,00
9782210505384;220,50
9782210502079;220,50
9782210511385;218,00
9782210505353;220,50
9782210513389;218,00
9782210505360;220,50
9782210507593;88,50
9782210507586;91,50
9782210505322;91,50
9782210505339;91,50
9782210515154;86,00
9782210515161;86,00
9782210515178;91,50
9782210515185;91,50
9782210513570;78,00
9782210513587;78,00
9782210514355;78,00
9782210514362;78,00
9782210509016;65,50
9782210509566;65,50
9782210509559;65,50
9782210784604;77,00
9782210784611;77,00
9782210511194;166,50
9782210514683;166,50
9782210513037;174,50
9782210508712;170,50
9782210513129;174,50
9782210508156;174,50
9782210514430;174,50
9782210508163;174,50
9782210514676;62,50
9782210513518;65,00
9782210511163;65,00
9782210514942;197,00
9782210515024;218,00
9782210511941;174,50
9782210505179;174,50
9782210511958;174,50
9782210505162;174,50
9782210513310;174,50
9782210505285;174,50
9782210510135;174,50
9782210510142;174,50
9782210505186;218,00
9782210505292;218,00
9782210503281;218,00
9782210511040;218,00
9782210506374;218,00
9782210513297;218,00
9782210506381;218,00
9782210503076;218,00
9782210503946;81,00
9782210503953;81,00
9782210503960;81,00
9782210503977;81,00
9782210503984;81,00
9782210507494;86,00
9782210507500;91,50
9782210506589;99,00
9782210506596;99,00
9782210508798;165,00
9782210511965;73,00
9782210509481;65,00
9782210511972;73,00
9782210509498;65,00
9782210508729;73,00
9782210511989;73,00
9782210509504;73,00
9782210508743;73,00
9782210513228;73,00
9782210511064;73,00
9782210511095;73,00
9782210513235;73,00
9782210511071;73,00
9782210511088;73,00
9782210508989;65,50
9782210508996;65,50
9782210509474;65,50
9782210505742;170,50
9782210505759;165,00
9782210507258;165,00
9782210504646;218,00
9782210505735;218,00
9782210508590;125,50
9782210507944;131,00
9782210507456;131,00
9782210507371;131,00
9782210507401;131,00
9782210504165;231,00
9782210503045;227,50
9782210500143;157,50
9782210500174;157,50
9782210500181;157,50
9782210504059;240,50
9782210511743;91,50
9782210511750;91,50
9782210503014;240,50
9782210503342;240,50
9782210506398;240,50
9782210506442;240,50
9782210503694;108,50
9782210503885;111,00
9782210503700;111,00
9782210503878;111,00
9782210503861;111,00
9782210119666;355,50
9782210119840;86,00
9782210122758;355,50
9782210119673;86,00
9782210113459;376,50
9782210113466;389,50
9782210113473;389,50
9782210105966;422,50
9782210106246;422,50
9782210106260;422,50
9782210106284;422,50
9782210107410;449,00
9782210446694;528,00
9782210118966;86,00
9782210119031;86,00
9782210115293;86,00
9782210115309;86,00
9782210107632;112,50
9782210107649;112,50
9782210107663;112,50
9782210107656;112,50
9782210107625;356,50
9782210110854;356,50
9782210110953;356,50
9782210116870;117,50
9782210118096;117,50
9782210118102;117,50
9782210120365;304,00
9782210122949;304,00
9782210122956;121,50
9782210115590;317,00
9782210115613;125,50
9782210117013;317,00
9782210117020;125,50
9782210117693;317,00
9782210117709;125,50
9782210107854;317,00
9782210107861;125,50
9782210107892;317,00
9782210107908;125,50
9782210111233;317,00
9782210111240;125,50
9782210113930;317,00
9782210113985;125,50
9782210119055;91,50
9782210117075;91,50
9782210115682;91,50
9782210115699;91,50
9782210117778;91,50
9782210117068;91,50
9782210122673;304,00
9782210122680;117,50
9782210114791;304,00
9782210114807;117,50
9782210118256;304,00
9782210117730;117,50
9782210118980;304,00
9782210118997;117,50
9782210120860;79,50
9782210105676;422,50
9782210116658;112,50
9782210105669;422,50
9782210105973;422,50
9782210106185;422,50
9782210114951;422,50
9782210105423;317,00
9782210107731;383,00
9782210107748;383,00
9782210107755;383,00
9782210107762;462,00
9782210123212;69,00
9782210123427;69,00
9782210123205;67,50
9782210116719;65,50
9782210105744;363,00
9782210118928;94,00
9782210119918;389,50
9782210119383;131,00
9782210119390;131,00
9782210119406;131,00
9782210107779;383,00
9782210107786;383,00
9782210107793;383,00
9782210107809;462,00
9782210120433;337,00
9782210120471;92,00
9782210119345;337,00
9782210122536;92,00
9782210119352;92,00
9782210106345;370,00
9782210119369;104,50
9782210115781;100,00
9782210122598;100,00
9782210119376;100,00
9782210115798;100,00
9782210115804;100,00
9782210115811;100,00
9782210111189;112,50
9782210111714;112,50
9782210114968;363,00
9782210104693;363,00
9782210105881;363,00
9782210105911;363,00
9782210109834;462,00
9782210116849;104,50
9782210120419;125,50
9782210120426;104,50
9782210111776;515,00
9782210112414;515,00
9782210113572;355,50
9782210114906;121,50
9782210114654;121,50
9782210114197;462,00
9782210114173;528,00
9782210110922;422,50
9782210117815;389,50
9782210112605;389,50
9782210113916;389,50
9782210115392;310,50
9782210120686;39,50
9782210121720;39,50
9782210122437;39,50
9782210121737;39,50
9782210121744;39,50
9782210121751;39,50
9782210121829;39,50
9782210121836;53,00
9782210121850;39,50
9782210123038;39,50
9782210121867;39,50
9782210123045;39,50
9782210121805;39,50
9782210121768;53,00
9782210121874;39,50
9782210121775;39,50
9782210121782;39,50
9782210121881;39,50
9782210112346;396,00
9782210113886;389,50
9782210112230;528,00
9782210113794;528,00
9782210111554;581,00
9782210113640;594,00
9782210105577;455,50
9782210113749;594,00
9782210113763;469,00
9782210112933;475,50
9782210111530;462,00
9782210112216;462,00
9782210113688;469,00
9782210117624;462,00
9782210111547;462,00
9782210112223;462,00
9782210113718;462,00
9782210113855;323,50
9782210112049;317,00
9782210120761;131,00
9782210120778;502,00
9782210111103;515,00
9782210120808;527,00
9782210113824;528,00
9782210118270;462,00
9782210111653;462,00
9782210120464;112,50
9782210112568;502,00
9782210117822;317,00
9782210118188;121,50
9782210117341;117,50
9782210114050;535,00
9782210114081;462,00
9782210114234;462,00
9782210112537;462,00
9782210112551;469,00
9782210112520;527,00
9782210112544;449,00
9782210119659;125,50
9782210114135;462,00
9782210119642;125,50
9782210119567;244,50
9782210115569;211,50
9782385510176;79,00
9782385510183;79,00
9782385510190;79,00
9782385510145;118,50
9782385511791;117,50
9782385511579;117,50
9782385510206;79,00
9782385510213;79,00
9782385510220;79,00
9782385510237;79,00
9782385510244;79,00
9782385510251;82,00
9782385510268;82,00
9782385513542;157,50
9782385513559;79,00
9782369402749;183,50
9782369402893;86,00
9782369405191;183,50
9782369405214;99,00
9782369406242;183,50
9782369406266;99,00
9782369407515;197,00
9782369407522;112,50
9782369409786;197,00
9782369409816;131,50
9782369403012;131,00
9782369402909;86,00
9782369405207;183,50
9782369405221;99,00
9782369406259;183,50
9782369406273;99,00
9782369407546;197,00
9782369407553;112,50
9782369409847;197,00
9782369409878;131,50
9782385514815;86,00
9782385514822;86,00
9782385514839;86,00
9782369409298;197,00
9782369409304;223,50
9782385511593;92,50
9782385511609;92,50
9782385511692;92,50
9782385511708;92,50
9782385511746;92,50
9782385511753;92,50
9782385513382;236,50
9782385512576;92,50
9782385512583;92,50
9782385512637;92,50
9782385512644;92,50
9782369407577;104,50
9782369407584;104,50
9782385512736;236,50
9782385514181;329,50
9782385511623;99,00
9782385511630;99,00
9782385511722;99,00
9782385511739;99,00
9782385511777;99,00
9782385511784;99,00
9782385512712;99,00
9782385512729;99,00
9782385512613;99,00
9782385512620;99,00
9782385512668;99,00
9782385512675;99,00
9782369409939;115,00
9782369409946;115,00
9782385512767;99,00
9782385512774;99,00
9782385512897;86,00
9782385512903;86,00
9782385512910;86,00
9782385512927;86,00
9782385514761;86,00
9782385514778;86,00
9782385514785;86,00
9782385514792;86,00
9782385514808;86,00
9782369409274;197,00
9782385514723;144,00
9782385514730;144,00
9782369407638;263,00
9782369408499;117,50
9782369407645;263,00
9782369408512;117,50
9782369409281;223,50
9782385510961;99,00
9782369406181;99,00
9782369406204;99,00
9782206087481;416,00
9782206010113;416,00
9782206112749;131,00
9782206102573;88,50
9782206102597;88,50
9782206102337;121,50
9782206102214;99,00
9782206105550;88,50
9782206119663;104,50
9782206112640;304,00
9782206112633;304,00
9782206101323;315,50
9782206101828;315,50
9782206112657;304,00
9782206101835;315,50
9782206112626;376,50
9782206101309;403,00
9782206105574;91,50
9782206106885;99,00
9782206103389;300,00
9782206112282;115,00
9782206117638;271,00
9782206204994;293,50
9782206401034;491,50
9782206120126;376,50
9782206120119;403,00
9782206105536;121,50
9782206402130;395,00
9782206114156;276,00
9782206117522;276,00
9782206114149;276,00
9782206117515;276,00
9782206114163;276,00
9782206114170;302,50
9782206117539;304,00
9782206107431;271,00
9782206110752;271,00
9782206107448;271,00
9782206110769;271,00
9782206107479;271,00
9782206110776;304,00
9782206107493;310,50
9782206110783;310,50
9782206107516;310,50
9782206110790;310,50
9782206107530;310,50
9782206110806;343,50
9782206107554;315,50
9782206107578;343,50
9782206107585;304,00
9782206107608;343,50
9782206310244;315,50
9782206308418;337,00
9782206117546;329,00
9782206118970;355,50
9782206112763;317,00
9782206310206;315,50
9782206308395;337,00
9782206310220;315,50
9782206308401;337,00
9782206402871;333,00
9782206402017;244,50
9782206401225;249,50
9782206110004;355,50
9782206108223;276,00
9782206109992;289,50
9782206402413;300,00
9782206402888;342,00
9782206110691;399,00
9782206401782;300,00
9782206402093;342,00
9782206402123;500,50
9782206114552;337,00
9782206401744;342,00
9782206114569;337,00
9782206117645;337,00
9782206113593;271,00
9782206114545;276,00
9782206402673;342,00
9782206117652;284,00
9782206401379;289,50
9782206106878;99,00
9782206112275;263,00
9782206115931;263,00
9782206115948;263,00
9782206116679;333,00
9782206116662;333,00
9782206115917;263,00
9782206115924;263,00
9782206107875;273,50
9782206115986;290,50
9782206117706;297,00
9782206117713;310,50
9782206113982;224,50
9782206105581;224,50
9782206114002;370,00
9782206106526;370,00
9782206113999;297,00
9782206106519;297,00
9782206117836;370,00
9782206117812;224,50
9782206117829;297,00
9782206111353;304,00
9782206114026;170,50
9782206306407;223,50
9782206117461;355,50
9782206114101;197,00
9782206117454;263,00
9782206116785;343,50
9782206110912;197,00
9782206114095;263,00
9782206110905;395,00
9782206117447;249,50
9782206110899;302,50
9782206306902;363,00
9782206306889;244,50
9782206306896;284,00
9782206107400;403,00
9782206308906;289,50
9782206308913;289,50
9782206117485;329,00
9782206117492;329,00
9782206117478;329,00
9782206114125;263,00
9782206107417;416,00
9782206306940;289,50
9782206306957;289,50
9782206114132;197,00
9782206117508;289,50
9782206308883;389,50
9782206310091;389,50
9782356857613;336,50
9782356856579;361,50
9782356857637;336,50
9782356857132;361,50
9782356857453;361,50
9782356856814;361,50
9782356856586;74,00
9782356858504;81,50
9782356858900;50,00
9782356858511;81,50
9782356859549;50,00
9782356857538;275,00
9782356857545;111,50
9782356857804;275,00
9782356857811;111,50
9782356857989;275,00
9782356857996;111,50
9782356858023;275,00
9782356858030;111,50
9782356856777;306,50
9782356856784;119,00
9782356856852;306,50
9782356856869;119,00
9782356856890;306,50
9782356856906;119,00
9782356856937;306,50
9782356856944;119,00
9782356857576;275,00
9782356857583;111,50
9782356853707;299,00
9782356853967;124,00
9782356853783;299,00
9782356853790;124,00
9782356853868;299,00
9782356853875;124,00
9782356858672;269,00
9782356858689;111,50
9782356858719;269,00
9782356858726;111,50
9782356856739;294,00
9782356856746;119,00
9782356857170;294,00
9782356857187;119,00
9782356857378;294,00
9782356857385;111,50
9782356855442;361,50
9782356855497;361,50
9782356856418;361,50
9782356855411;361,50
9782356855794;361,50
9782356856463;399,00
9782356856456;361,50
9782356858269;349,00
9782356855534;361,50
9782356855541;122,50
9782356858306;349,00
9782356855824;361,50
9782356856500;399,00
9782356856494;361,50
9786180564228;111,00
9789604782031;111,00
9786180564211;72,00
9789604781614;111,00
9786180564204;72,00
9789605737085;128,00
9789605737092;82,50
9789605737139;128,00
9789605737146;82,50
9789605737122;57,50
9789605737177;128,00
9789605737184;82,50
9789605738754;57,50
9789604787364;128,00
9789604788187;82,50
9789604787371;128,00
9789604788316;82,50
9789604787388;128,00
9789604788330;82,50
9789604787395;128,00
9789604788354;82,50
9789604787401;128,00
9789604788378;82,50
9786180524598;45,50
9789604438730;41,00
9789604430178;41,00
9786180569407;129,50
9786180569278;89,00
9786180569292;133,50
9786180569285;91,00
9786180568059;136,00
9786180568066;93,00
9786180569315;138,00
9786180569339;96,00
9786180569360;141,50
9786180569353;99,00
9786180569377;144,50
9786180569384;102,00
9786180567939;108,50
9786180567946;108,50
9786180567953;108,50
9786180567960;108,50
9786180567977;108,50
9786180567984;108,50
9786180550474;220,50
9786180550481;220,50
9786180550498;220,50
9786180550504;220,50
9786180550511;220,50
9786180550528;220,50
9786180514209;82,50
9786180568271;55,50
9786180514162;82,50
9786180568288;55,50
9786180514223;82,50
9786180568295;55,50
9786180514247;82,50
9786180568301;55,50
9786180514186;82,50
9786180568318;55,50
9786180514261;82,50
9786180568325;55,50
9786180552973;119,50
9786180564679;83,00
9786180553000;120,00
9786180564686;84,00
9786180553031;124,00
9786180564693;84,50
9786180558548;126,00
9786180564709;86,00
9786180558630;128,50
9786180564716;89,00
9786180558760;131,00
9786180564723;92,00
9786180510942;119,50
9786180561852;83,00
9786180510966;120,00
9786180561869;84,00
9786180512908;124,00
9786180561876;84,50
9786180513028;126,00
9786180561883;86,00
9786180513059;128,50
9786180561890;89,00
9786180513080;131,00
9786180561906;92,00
9786180521498;117,00
9786180562590;81,50
9786180521511;118,00
9786180562606;82,50
9786180521528;121,50
9786180562613;83,00
9786180521535;124,00
9786180562620;84,50
9786180521542;126,00
9786180562637;87,00
9786180521559;128,50
9786180562644;90,00
9789604783601;86,50
9789604783618;60,50
9789604783625;86,50
9789604783632;60,50
9789604783649;87,50
9789604783656;61,00
9789604783663;87,50
9789604783670;61,00
9789604783687;90,00
9789604783694;61,50
9789604783700;90,00
9789604783717;61,50
9786180513004;114,00
9786180562835;79,00
9786180515916;114,50
9786180562828;80,00
9786180517651;118,00
9786180562842;80,50
9786180517682;120,00
9786180562859;82,00
9786180518962;122,00
9786180562866;85,00
9786180518993;125,00
9786180562873;87,50
9786180565867;85,50
9786180565782;59,50
9786180565829;85,50
9786180565775;59,50
9786180565850;86,00
9786180565768;60,00
9786180565812;86,00
9786180565751;60,00
9786180565843;88,50
9786180565744;60,50
9786180565805;88,50
9786180565737;60,50
9786180565836;90,50
9786180565720;61,50
9786180565799;90,50
9786180565713;61,50
9789604438129;114,50
9786180568530;78,50
9789604438181;118,00
9786180564624;80,50
9789604438242;120,00
9786180564631;82,00
9789604438303;122,00
9786180568547;85,00
9789604781683;125,00
9789604781690;87,50
9789604785391;128,00
9789604785407;90,50
9789604785797;84,50
9789604785803;57,50
9789604785810;84,50
9789604785827;57,50
9789604785834;84,50
9789604785841;57,50
9789604785858;84,50
9789604785865;57,50
9789604785872;84,50
9789604785889;57,50
9789604785896;84,50
9789604785902;57,50
9786180544176;127,50
9786180546385;129,50
9786180546408;133,50
9786180546422;137,00
9786180547993;139,00
9786180548013;142,50
9789604437061;118,00
9789604437078;120,00
9789604437085;123,50
9789604437092;127,00
9789604437108;129,00
9789604437115;132,00
9786180570755;178,50
9786180560435;124,50
9786180570618;186,50
9786180560480;131,50
9786180569759;194,00
9786180569766;138,00
9786180573336;193,00
9786180573343;137,50
9786180552812;160,50
9786180569964;112,00
9786180552843;160,50
9786180569971;112,00
9786180552836;160,50
9786180569988;112,00
9786180552881;167,50
9786180569995;118,50
9786180552904;167,50
9786180570007;118,50
9786180572902;166,50
9786180572926;119,00
9786180550535;291,50
9786180550443;291,50
9786180550542;291,50
9786180550559;291,50
9786180534108;158,00
9786180568233;105,00
9786180534139;165,50
9786180568240;107,50
9786180534184;171,00
9786180568257;112,50
9786180534207;176,00
9786180568264;117,00
9786180521283;164,00
9786180549157;114,50
9786180521290;171,50
9786180549164;121,00
9786180521306;178,00
9786180549171;126,50
9786180521313;186,00
9786180549188;132,50
9786180521351;193,00
9786180549195;138,50
9786180521320;201,50
9786180549201;144,50
9786180513684;158,00
9786180562408;105,00
9786180513714;165,50
9786180562415;109,50
9786180513745;171,00
9786180562422;115,00
9786180513776;176,00
9786180562439;122,00
9789604782543;158,00
9789604782550;105,00
9789604782567;165,50
9789604782574;109,50
9789604782796;171,00
9789604782819;115,00
9789604782802;176,00
9789604782826;122,00
9789603798484;158,00
9786180567120;105,00
9789603798613;165,50
9789603798620;109,50
9789603798736;171,00
9789603798743;115,00
9789604430970;176,00
9789604430987;122,00
9786180518467;164,50
9786180564914;114,00
9786180518474;166,50
9786180564921;116,50
9786180518481;169,00
9786180564938;119,00
9786180518498;174,00
9786180564945;124,00
9786180520767;183,50
9786180564952;134,00
9789605098834;164,50
9786180570496;114,00
9789605098872;166,50
9786180570502;116,50
9789605098919;169,00
9786180570519;119,00
9789605098957;174,00
9786180570526;124,00
9789605098995;180,00
9786180570533;129,50
9789605099039;183,50
9786180570540;134,00
9786180510720;190,00
9786180570342;142,00
9786180520965;164,50
9786180520972;114,00
9789605090111;164,50
9786180570700;114,00
9789604788842;166,50
9786180570717;116,50
9789604788859;169,00
9786180570724;119,00
9789604788866;174,00
9786180570731;124,00
9789604788873;180,00
9786180570748;129,50
9786180534801;154,50
9786180565027;107,00
9786180542134;156,50
9786180565034;109,00
9786180543568;159,00
9786180565041;111,50
9786180543063;163,50
9786180565058;116,50
9786180543094;169,00
9786180565065;121,50
9786180543124;175,00
9786180565072;128,00
9786180577433;191,50
9786180577440;146,50
9789604435654;143,00
9786180564969;99,00
9789604435739;145,00
9789604435746;101,00
9789604435814;147,00
9789604435821;103,50
9789604435890;151,00
9786180564990;107,50
9789604436071;156,50
9789604436088;112,50
9789604436149;159,50
9789604436156;116,50
9789604436231;165,00
9786180572865;123,50
9789605099596;157,50
9789605099619;109,00
9789605099633;159,50
9786180570564;111,50
9789605091187;161,50
9786180570571;113,50
9789605091552;166,50
9786180570588;118,50
9789605099855;172,00
9786180570595;124,00
9789605090753;175,50
9786180570601;128,50
9789605098711;183,00
9786180565089;128,00
9789605098759;191,50
9786180565096;135,00
9789605098797;199,00
9786180565102;141,50
9786180567601;174,50
9786180567595;122,00
9786180573367;177,00
9786180576160;124,50
9786180575934;182,00
9786180502152;129,50
9786180531978;188,50
9786180500776;135,50
9786180575866;192,50
9786180576450;140,50
9786180561531;209,00
9786180562538;156,50
9786180523287;113,00
9786180523294;119,00
9786180523300;124,50
9786180523317;130,00
9786180513394;116,50
9786180513400;122,00
9786180526950;128,00
9786180540932;134,00
9786180543049;127,00
9786180543056;133,00
9786180543032;139,00
9786180508666;132,50
9786180508673;139,00
9786180508680;145,00
9789604431809;108,50
9789604431816;112,50
9789604431823;118,00
9789604434077;122,00
9789603794233;126,00
9789603794257;129,50
9789603794271;136,50
9789603794295;147,50
9789604785926;152,50
9789605091972;178,50
9789604783465;26,00
9789604783472;26,00
9789604783458;26,00
9789604783113;26,00
9789604783823;26,00
9789604783120;26,00
9789604783809;26,00
9789604783793;26,00
9789604783885;26,00
9789604783816;26,00
9789604783830;26,00
9789604783878;26,00
9789604783922;26,00
9789604783908;26,00
9789604784363;26,00
9789604783939;26,00
9789604783892;26,00
9789604783915;26,00
9789604430109;26,00
9786180542943;26,00
9786180525168;26,00
9789604430123;26,00
9789604783021;26,00
9789604434671;26,00
9789604432868;26,00
9789604430062;26,00
9786180525175;26,00
9789604432998;26,00
9789604430086;26,00
9789604783052;26,00
9786180542950;26,00
9789604436507;26,00
9789604783083;26,00
9789604430369;26,00
9786180542967;26,00
9789604432820;26,00
9789604430048;26,00
9786180525182;26,00
9789604436545;26,00
9789603799979;26,00
9789604432912;26,00
9786180542974;26,00
9786180525199;26,00
9789604430024;26,00
9789604434350;26,00
9789605736965;26,00
9789603798316;26,00
9786180508963;26,00
9786180542981;26,00
9789604430147;26,00
9786180525205;26,00
9789603798330;26,00
9786180525212;26,00
9786180542998;26,00
9789603798293;26,00
9789603798149;26,00
9789604436613;36,00
9789604434275;36,00
9789604436637;36,00
9786180512762;36,00
9786180512731;36,00
9789604780280;36,00
9789604788262;36,00
9789604783014;36,00
9786180502473;36,00
9786180508949;36,00
9789604780297;36,00
9789604434305;36,00
9789605731793;36,00
9789605091637;36,00
9789604437221;36,00
9789604436620;36,00
9789605091606;36,00
9789605731458;36,00
9789604434282;36,00
9786180512045;36,00
9789604781409;36,00
9786180512076;36,00
9789604780198;36,00
9789604786275;36,00
9786180512106;36,00
9789604434299;36,00
9789605735685;36,00
9789604781355;36,00
9789604780181;36,00
9789604437238;36,00
9789603794820;49,50
9789603794776;49,50
9789603794844;49,50
9789603794745;49,50
9789604430567;49,50
9789603794851;49,50
9789603794752;49,50
9789603794783;49,50
9789604431663;49,50
9789603794837;49,50
9789603794769;49,50
9789604430543;49,50
9789603794806;49,50
9789603794721;49,50
9789604431564;49,50
9789603794868;49,50
9789603794790;49,50
9789603794738;49,50
9789604431519;49,50
9789603798118;49,50
9789603794813;49,50
9789603794875;49,50
9789604430550;49,50
9789604431618;49,50
9789604430536;49,50
9786185305772;123,00
9786185305802;123,00
9786185305567;123,00
9786185305574;123,00
9786185663100;123,00
9786185663124;123,00
9786185305000;116,00
9786185305048;55,50
9786185305062;116,00
9786185305079;55,50
9786185305147;125,00
9786185305154;57,00
9786185305215;125,00
9786185305222;57,00
9786185305505;134,00
9786185305512;58,00
9786185305673;134,00
9786185305680;58,00
9786185663643;157,00
9786185663650;111,00
9786185663667;157,00
9786185663674;111,00
9786185663681;180,00
9786185663698;117,50
9786185663704;180,00
9786185663711;117,50
9786185663735;194,00
9786185663742;126,00
9786185663766;194,00
9786185663773;126,00
9786185305178;153,50
9786185305185;103,00
9786185305253;153,50
9786185305260;103,00
9786185305604;153,50
9786185305611;103,00
9786185305727;161,50
9786185305734;110,00
9786185305833;161,50
9786185305840;110,00
9786185305895;161,50
9786185305901;110,00
9786185305291;129,50
9786185305307;90,00
9786185305345;129,50
9786185305352;90,00
9786185305376;141,00
9786185305383;95,50
9786185305406;141,00
9786185305413;95,50
9786185305444;153,00
9786185305451;102,00
9786185305475;153,00
9786185305482;102,00
9786185663193;246,50
9786185663209;116,50
9786185663445;295,50
9786185663452;129,50
9786185663841;355,00
9786185663858;143,00
9786185663001;291,00
9786185663261;146,50
9786185663025;305,50
9786185663278;154,00
9786185663223;320,50
9786185663339;162,00
9786185663353;337,00
9786185663377;169,50
9786185663414;353,50
9786185663438;178,00
9786185663247;334,50
9786185663292;351,50
9786185663384;369,00
9789606984365;251,00
9789606984372;251,00
9789606984389;251,00
9789606984396;251,00
9789606984402;251,00
9789606984419;251,00
9789606984426;277,50
9789606984433;277,50
9789606984440;277,50
9789606984457;277,50
9789606983764;277,50
9789606987526;185,00
9789606987533;185,00
9789606987540;185,00
9789606987557;185,00
9789606987564;185,00
9789606987571;185,00
9789606987588;211,50
9789606987595;211,50
9789606987601;211,50
9782383211709;65,00
9782383211679;65,00
9782383210368;168,00
9782383210375;103,00
9782383210382;78,00
9782383211303;168,00
9782383211310;103,00
9782383211327;78,00
9782383212331;168,00
9782383212348;103,00
9782383212355;78,00
9782383211723;129,00
9782383211761;129,00
9782383211808;129,00
9782383212232;206,00
9782383212256;78,00
9782383212249;206,00
9782383212270;78,00
9782916662862;206,00
9782916662886;78,00
9782383210306;206,00
9782383210320;78,00
9782383211273;103,00
9782095047269;106,00
9782095047276;106,00
9782095047283;106,00
9782095047290;106,00
9782095051761;104,00
9782095048228;92,00
9782095048235;92,00
9782095048242;92,00
9782095036331;97,50
9782095036348;97,50
9782095036355;97,50
9782095036362;97,50
9782095036379;97,50
9782095036386;97,50
9782095036393;97,50
9782095036409;97,50
9782095036416;97,50
9782095036423;97,50
9782095054205;106,50
9782095048761;150,00
9782095048785;150,00
9782095048792;159,00
9782095048815;159,00
9782095048839;159,00
9782095064990;100,00
9782095064969;100,00
9782095064983;100,00
9782095064976;100,00
9782095065003;146,50
9782095065010;118,50
9782095079765;118,50
9782095079772;118,50
9782095065027;118,50
9782095065034;122,50
9782095065041;118,50
9782091573120;197,00
9782095038618;197,00
9782095023386;197,00
9782091574639;197,00
9782095065362;197,00
9782095038625;197,00
9782095065386;197,00
9782095050191;197,00
9782095023362;197,00
9782095050177;197,00
9782091575681;190,50
9782095065409;197,00
9782095023355;197,00
9782095038632;197,00
9782095023379;197,00
9782095050184;197,00
9782095050146;172,00
9782095063863;172,00
9782095079802;172,00
9782095016524;172,00
9782095016531;185,00
9782095067533;198,50
9782095016548;198,50
9782095016555;225,00
9782095038656;225,00
9782095059439;185,00
9782095059446;185,00
9782095059453;185,00
9782091933719;185,00
9782091933726;185,00
9782091933733;185,00
9782091933740;185,00
9782091933986;159,50
9782091573137;219,50
9782091575865;79,50
9782091575896;79,50
9782091575889;79,50
9782091575872;79,50
9782091575902;86,50
9782091575919;172,00
9782091573830;92,00
9782091573847;92,00
9782091573854;92,00
9782091573861;92,00
9782091575858;159,50
9782095017996;198,50
9782095063856;198,50
9782095044640;86,50
9782095063849;86,50
9782091894409;63,50
9782091887395;51,50
9782091870724;51,50
9782091876030;61,00
9782091887043;45,00
9782091887388;52,50
9782091878089;53,00
9782091878096;53,00
9782091870793;58,50
9782095033217;39,50
9782091894362;46,00
9782091878041;39,50
9782091891262;51,50
9782091876023;39,50
9782091878065;46,50
9782091878058;63,50
9782095064341;49,00
9782091887593;39,50
9782091887081;51,50
9782091886954;45,00
9782095033231;46,50
9782091887104;51,50
9782095046064;51,50
9782091870748;51,50
9782091876047;61,00
9782091870731;45,00
9782095015817;51,50
9782091891279;63,50
9782095019860;59,50
9782091878164;75,50
9782091891293;51,50
9782095050016;44,00
9782091870755;61,00
9782091878034;51,50
9782091886978;46,50
9782091889566;62,50
9782095030872;42,50
9782091878171;52,50
9782095033224;77,00
9782091878102;59,50
9782091876290;45,00
9782091878157;75,50
9782091889528;50,50
9782091887371;39,50
9782095018122;75,50
9782091891286;49,00
9782091887647;59,50
9782091876085;51,50
9782091887296;51,50
9782091891163;59,50
9782095046057;49,00
9782095064365;69,00
9782091878461;59,50
9782091876016;45,00
9782095037215;77,00
9782091884295;42,50
9782091876221;54,50
9782091876252;51,50
9782091887401;42,50
9782091891248;42,50
9782091876283;39,50
9782091878072;61,00
9782091876153;51,50
9782091887364;63,50
9782095025311;49,00
9782091891316;52,50
9782091878478;51,50
9782091876337;54,50
9782091889580;63,50
9782091891231;51,50
9782091870892;48,00
9782091889894;51,50
9782091891200;47,00
9782091876207;39,50
9782091878188;75,50
9782095003654;48,00
9782091887050;51,50
9782095001407;46,50
9782095025281;49,00
9782095020873;50,50
9782091892610;54,50
9782095061517;48,00
9782091891170;61,00
9782095025298;49,00
9782091891330;59,50
9782095016036;39,50
9782091891323;52,50
9782095068486;59,50
9782091891361;50,50
9782091876238;53,00
9782091887357;55,50
9782095025304;49,00
9782095003890;62,50
9782095018061;49,00
9782091894386;55,50
9782091887074;75,50
9782091876269;54,50
9782091891378;51,50
9782091870779;39,50
9782095020866;49,00
9782095047436;73,00
9782095047597;73,00
9782095047603;73,00
9782091512266;46,50
9782091512280;46,50
9782095032142;49,00
9782095032029;49,00
9782091512273;49,00
9782266328692;75,00
9782266335140;57,00
9782266328739;73,00
9782266335195;87,00
9782266328753;50,00
9782266328722;47,00
9782266328746;50,00
9782266328685;85,00
9782266335171;69,00
9782095020859;73,00
9782091865041;73,00
9782095032159;73,00
9782095020811;73,00
9782095032135;73,00
9782091865058;73,00
9782095047610;73,00
9782095032227;73,00
9782091865065;73,00
9782091875682;111,00
9782091873060;124,50
9782091882017;124,50
9782091875668;103,00
9782091873107;129,50
9782091873022;116,50
9782091881997;111,00
9782091873015;116,50
9782091882000;98,00
9782091875699;111,00
9782091881966;124,50
9782091875675;124,50
9782091881959;124,50
9782091881973;124,50
9782091882024;111,00
9782091881942;111,00
9782091872995;111,00
9782091882055;129,50
9782091881980;124,50
9782091873053;103,00
9782091882079;124,50
9782091873077;103,00
9782091875705;124,50
9782091882062;116,50
9782091875651;103,00
9782091873039;124,50
9782091882086;124,50
9782091873084;124,50
9782091873008;116,50
9782091873046;124,50
9782091873091;111,00
9782095044664;185,00
9782095044671;185,00
9782091575704;172,00
9782091575735;172,00
9782091573045;172,00
9782091574622;92,00
9782095061982;198,50
9782095061999;198,50
9782091676890;178,50
9782091674056;178,50
9782095051624;178,50
9782095053826;178,50
9782095039110;178,50
9782095039141;178,50
9782095051631;178,50
9782095039080;178,50
9782095039127;178,50
9782095036898;178,50
9782095039134;178,50
9782095036874;178,50
9782095051655;178,50
9782095022631;178,50
9782095053888;178,50
9782091673776;178,50
9782091676845;178,50
9782091651866;178,50
9782095022204;178,50
9782095036904;178,50
9782095022235;178,50
9782091520100;206,50
9782091575100;196,00
9782091575087;193,00
9782091575070;222,50
9782091520148;198,50
9782091520117;206,50
9782091520124;233,00
9782091520131;225,00
9782091573878;233,00
9782091575094;193,00
9782091573885;196,00
9782095050160;199,00
9782091520155;259,50
9782091882123;246,50
9782091860589;206,50
9782095062071;65,50
9782095054519;65,50
9782095054588;65,50
9782095062088;65,50
9782095038991;65,50
9782095062095;65,50
9782210786561;65,50
9782210786578;65,50
9782210786585;65,50
9782210784062;79,00
9782210784079;79,00
9782210784086;79,00
9782210784093;79,00
9782210783928;104,00
9782210783935;104,00
9782210783959;104,00
9782210783966;104,00
9782210772236;126,50
9782210783980;66,00
9782210784024;66,00
9782210783997;66,00
9782210784031;66,00
9782210784000;66,00
9782210784048;66,00
9782210784017;66,00
9782210784055;66,00
9782210764682;81,00
9782210764699;81,00
9782210764705;81,00
9782210764712;81,00
9782210768895;66,00
9782210768901;66,00
9782210786639;47,00
9782210785052;47,00
9782210785090;47,00
9782210786646;47,00
9782210785069;47,00
9782210785144;47,00
9782210786622;47,00
9782210785076;47,00
9782210785182;47,00
9782210764477;81,00
9782210764484;81,00
9782210764491;81,00
9782210743434;113,50
9782210753976;54,00
9782210753983;54,00
9782210753990;54,00
9782210755857;54,00
9782210755864;54,00
9782210784673;78,50
9782210772397;92,00
9782210784628;92,00
9782210784635;92,00
9782210784642;92,00
9782210784659;92,00
9782210787841;92,00
9782210778726;78,50
9782210778733;78,50
9782210778740;78,50
9782210778757;78,50
9782210787858;78,50
9782210788053;78,50
9782210772410;92,00
9782210783638;78,50
9782210783645;78,50
9782210783652;78,50
9782210783669;78,50
9782210787865;78,50
9782210788046;78,50
9782210772403;92,00
9782210785014;74,50
9782210785021;74,50
9782210784994;74,50
9782210782396;74,50
9782210779808;74,50
9782210777651;74,50
9782210777668;74,50
9782210773981;74,50
9782210773998;74,50
9782210773974;74,50
9782210785007;74,50
9782210782587;74,50
9782210779815;74,50
9782210778320;74,50
9782210778337;74,50
9782210774278;74,50
9782210774315;74,50
9782210774322;74,50
9782210785038;74,50
9782210785045;74,50
9782210764507;81,00
9782210764514;81,00
9782210764521;81,00
9782210764538;81,00
9782210764545;81,00
9782210783690;113,50
9782210784857;70,00
9782210784703;102,00
9782210784710;102,00
9782210784727;102,00
9782210784734;102,00
9782210784741;102,00
9782210784901;70,00
9782210784918;70,00
9782210784925;70,00
9782210784932;70,00
9782210784864;70,00
9782210784871;70,00
9782210784888;70,00
9782210784895;70,00
9782210784758;102,00
9782210784765;102,00
9782210784772;102,00
9782210784789;102,00
9782210784796;102,00
9782210784802;70,00
9782210784819;70,00
9782210784826;70,00
9782210784833;70,00
9782210784840;70,00
9782210776920;102,00
9782210776951;102,00
9782210786592;106,00
9782210778979;150,50
9782210778986;150,50
9782210778993;159,00
9782210779013;159,00
9782210779020;172,50
9782210778900;185,00
9782210778917;185,00
9782210778924;185,00
9782210778931;193,00
9782210787506;102,00
9782210786813;102,00
9782210786837;102,00
9782210786844;102,00
9782210787490;102,00
9782210786868;102,00
9782210786875;102,00
9782210786882;102,00
9782210787483;102,00
9782210786899;102,00
9782210786905;102,00
9782210786912;102,00
9782210786929;102,00
9782210786936;102,00
9782210786943;102,00
9782210784970;102,00
9782210786950;102,00
9782210786967;102,00
9782210784987;102,00
9782210758384;65,50
9782210758391;65,50
9782210758407;65,50
9782210758414;132,00
9782210758421;65,50
9782210758438;65,50
9782210758445;65,50
9782210758469;65,50
9782210758476;65,50
9782210758483;65,50
9782210758490;132,00
9782210770447;78,50
9782210770454;78,50
9782210770461;78,50
9782210770478;78,50
9782210772267;78,50
9782210772274;78,50
9782210786707;132,00
9782210786691;158,50
9782210788039;132,00
9782210787933;132,00
9782210787391;180,00
9782210787407;180,00
9782210787414;180,00
9782210787421;180,00
9782210788305;172,00
9782210772687;78,50
9782210772694;78,50
9782210787018;118,50
9782210774650;73,50
9782210787377;118,50
9782210787353;132,00
9782210787094;132,00
9782210787087;132,00
9782210787254;166,50
9782210787278;185,00
9782210787032;78,50
9782210772731;78,50
9782210772755;78,50
9782210772762;78,50
9782210772748;78,50
9782210787025;78,50
9782210772793;118,50
9782210787223;166,50
9782210787230;166,50
9782210787247;166,50
9782210787179;158,50
9782210787186;118,50
9782210787193;118,50
9782210787209;118,50
9782210787216;118,50
9782210787131;78,50
9782210787162;78,50
9782210787155;78,50
9782210787117;78,50
9782210787124;78,50
9782210787148;78,50
9782210740570;39,00
9782210740587;45,00
9782210762701;39,00
9782210760752;42,50
9782210756786;52,50
9782210755581;39,00
9782210770744;39,00
9782210760844;42,50
9782210740648;52,50
9782210751620;39,00
9782210751613;39,00
9782210762770;42,50
9782210760769;39,00
9782210760776;39,00
9782210743595;42,50
9782210770775;39,00
9782210777460;39,00
9782210760851;39,00
9782210755628;42,50
9782210770751;52,50
9782210760950;42,50
9782210782891;45,00
9782210758926;42,50
9782210765726;39,00
9782210760684;42,50
9782210755611;42,50
9782210760790;39,00
9782210779549;45,00
9782210777491;53,00
9782210772472;52,50
9782210764729;52,50
9782210760875;39,00
9782210777552;53,00
9782210756892;42,50
9782210760721;39,00
9782210740617;39,00
9782210777545;48,00
9782210765757;52,50
9782210772465;58,50
9782210772168;39,00
9782210760707;45,00
9782210762695;39,00
9782210770768;45,00
9782210756847;42,50
9782210777507;39,50
9782210761032;39,00
9782210740662;52,50
9782210761001;41,00
9782210758933;61,00
9782210751279;39,00
9782210765764;52,50
9782210760653;42,50
9782210779501;51,50
9782210770720;39,00
9782210777538;42,50
9782210769205;39,00
9782210740631;42,50
9782210779587;57,00
9782210751064;39,00
9782210770713;39,00
9782210743601;52,50
9782210760691;39,00
9782210779525;45,00
9782210760820;39,00
9782210743632;39,00
9782210765740;39,00
9782210772434;39,00
9782210756793;55,50
9782210765672;52,50
9782210770805;42,50
9782210765658;39,00
9782210779518;46,50
9782210756854;52,50
9782210751286;42,50
9782210762732;65,50
9782210765641;39,00
9782210770829;39,00
9782210762749;39,00
9782210751057;42,50
9782210772502;65,50
9782210765665;39,00
9782210762725;83,50
9782210779556;66,00
9782210772496;52,50
9782210751033;42,50
9782210765689;65,50
9782210769199;39,00
9782210751088;52,50
9782210772427;39,00
9782210762688;39,00
9782210762756;39,00
9782210760899;39,00
9782210779570;45,00
9782210772458;65,50
9782210779488;39,50
9782210758841;39,00
9782210760882;39,00
9782210782907;46,50
9782210760813;42,50
9782210760981;52,50
9782210758834;65,50
9782210756830;39,00
9782210777484;45,00
9782210765719;39,00
9782210779495;39,50
9782210770812;46,50
9782210770799;52,50
9782210756762;39,00
9782210760943;39,00
9782210777477;51,50
9782210743540;39,00
9782210772441;65,50
9782210756809;39,00
9782210751095;39,00
9782210756861;39,00
9782210760714;42,50
9782210743571;52,50
9782210740600;39,00
9782210758827;52,50
9782210740624;39,00
9782210755598;45,00
9782210760998;52,50
9782210772519;52,50
9782210760837;39,00
9782210758858;39,00
9782210779532;46,50
9782210760660;42,50
9782210765733;39,00
9782210756779;52,50
9782210777521;42,50
9782210756823;39,00
9782210772489;39,00
9782210760905;42,50
9782210743625;52,50
9782210777514;66,00
9782210755635;39,00
9782210779563;48,00
9782210765696;52,50
9782210758810;42,50
9782210758919;39,00
9782210758902;45,00
9782210760912;45,00
9782210760806;39,00
9782210770737;42,50
9782210743441;71,50
9782210777637;78,00
9782210750470;71,50
9782210756755;71,50
9782210743496;78,00
9782210754867;65,50
9782210750975;78,00
9782210765573;71,50
9782210779624;82,00
9782210779594;78,00
9782210784239;45,00
9782210755796;55,50
9782210755772;65,50
9782210754478;71,50
9782210765528;131,00
9782210784291;53,00
9782210754249;65,50
9782210770706;71,50
9782210772540;78,00
9782210743502;71,50
9782210754508;71,50
9782210762633;71,50
9782210754850;71,50
9782210754041;65,50
9782210754119;71,50
9782210777576;61,00
9782210755208;65,50
9782210754287;71,50
9782210784253;71,50
9782210762640;71,50
9782210777620;78,00
9782210777590;71,50
9782210786776;46,50
9782210765597;71,50
9782210772564;52,50
9782210754171;71,50
9782210784321;46,50
9782210754034;52,50
9782210784246;53,00
9782210756724;71,50
9782210762626;71,50
9782210756694;52,50
9782210754829;71,50
9782210754348;65,50
9782210755758;71,50
9782210770690;71,50
9782210755734;71,50
9782210755512;78,00
9782210740563;78,00
9782210784383;58,50
9782210755727;52,50
9782210755536;52,50
9782210754935;71,50
9782210755420;71,50
9782210755642;71,50
9782210772588;71,50
9782210784208;39,50
9782210754720;52,50
9782210754928;52,50
9782210786790;42,50
9782210759268;78,00
9782210755383;71,50
9782210772595;78,00
9782210784338;39,50
9782210779617;82,00
9782210750661;71,50
9782210754065;71,50
9782210784345;71,50
9782210784307;53,00
9782210754782;52,50
9782210754256;78,00
9782210755819;52,50
9782210754355;91,50
9782210754898;81,00
9782210754812;71,50
9782210743465;71,50
9782210759169;71,50
9782210754447;65,50
9782210740518;65,50
9782210770669;71,50
9782210755567;71,50
9782210784376;45,00
9782210743472;71,50
9782210750654;71,50
9782210777613;78,00
9782210765634;71,50
9782210754577;71,50
9782210740532;71,50
9782210784215;39,50
9782210784222;53,00
9782210756700;52,50
9782210770652;71,50
9782210784277;46,50
9782210755222;71,50
9782210777583;71,50
9782210743489;78,00
9782210754393;65,50
9782210755406;71,50
9782210755314;71,50
9782210779631;103,00
9782210754102;65,50
9782210754676;71,50
9782210754263;78,00
9782210755499;78,00
9782210765580;71,50
9782210786738;55,50
9782210754690;71,50
9782210754881;65,50
9782210754126;65,50
9782210740556;71,50
9782210754713;71,50
9782210754027;82,00
9782210784260;49,00
9782210755703;65,50
9782210743526;71,50
9782210754904;71,50
9782210754874;82,00
9782210786752;59,50
9782210755451;71,50
9782210770683;52,50
9782210765535;71,50
9782210755390;71,50
9782210777606;52,50
9782210784352;65,50
9782210755666;65,50
9782210754058;52,50
9782210772557;71,50
9782210762602;71,50
9782210786783;46,50
9782210785939;71,50
9782210779600;78,00
9782210755826;71,50
9782210754911;71,50
9782210779648;71,50
9782210750944;81,00
9782210755840;71,50
9782210784284;53,00
9782210765559;71,50
9782210770645;71,50
9782210755253;65,50
9782210759176;71,50
9782210784314;71,50
9782210740549;71,50
9782210754218;71,50
9782210755789;71,50
9782210765603;71,50
9782210772526;71,50
9782210754133;78,00
9782210756731;71,50
9782210754959;78,00
9782210754607;65,50
9782210754140;52,50
9782210755321;52,50
9782210785519;71,50
9782210754409;78,00
9782210786820;42,50
9782210770676;52,50
9782210778719;78,00
9782210784369;71,50
9782210754553;71,50
9782210755833;71,50
9782210756717;78,00
9782210772533;78,00
9782210754324;52,50
9782210754751;71,50
9782210751293;71,50
9782210751606;71,50
9782210754485;71,50
9782210777569;74,00
9782210762671;71,50
9782210754591;78,00
9782210761506;92,00
9782210761643;92,00
9782210761698;92,00
9782210772571;71,50
9782210761582;92,00
9782210761667;92,00
9782210761605;92,00
9782210761568;92,00
9782210761711;92,00
9782369409694;106,00
9782369409700;106,00
9782369409717;106,00
9782369409724;106,00
9782385513115;126,50
9782385514860;119,50
9782385514877;119,50
9782385514884;119,50
9782385514891;119,50
9782385514907;119,50
9782385512323;132,00
9782385511531;132,00
9782385511524;132,00
9782385511647;158,50
9782385511654;158,50
9782385511661;158,50
9782385513085;172,00
9782385513092;172,00
9782385513108;172,00
9782369408604;193,00
9782369408611;193,00
9782369408628;193,00
9782369408635;193,00
9782369408642;193,00
9782385512361;146,00
9782385512378;146,00
9782385512385;146,00
9782385512392;146,00
9782385511074;93,00
9782385511081;93,00
9782385511098;93,00
9782385511104;93,00
9782385511111;93,00
9782385511128;93,00
9782385514495;92,50
9782385512453;92,50
9782385512460;92,50
9782385512477;92,50
9782385514471;92,50
9782385514464;92,50
9782385514488;92,50
9782385512491;92,50
9782385512484;92,50
9782369407744;92,50
9782385513733;92,50
9782385512507;92,50
9782369409144;146,00
9782369407768;92,50
9782369407751;92,50
9782369408666;92,50
9782369409151;146,00
9782369408659;92,50
9782369407775;92,50
9782369407782;92,50
9782369409168;146,00
9782369407812;92,50
9782369407799;92,50
9782369407805;92,50
9782369407829;92,50
9782369407836;92,50
9782369407102;145,00
9782385513023;92,50
9782369409175;146,00
9782369407850;92,50
9782369407881;92,50
9782369407874;92,50
9782369407058;145,00
9782369407867;92,50
9782369407843;92,50
9782369409182;146,00
9782369407911;92,50
9782369407898;92,50
9782369407904;92,50
9782369407928;92,50
9782369407935;92,50
9782369407119;145,00
9782385513030;92,50
9782369409199;146,00
9782369407980;92,50
9782369407973;92,50
9782369407065;145,00
9782369407959;92,50
9782369407966;92,50
9782369407942;92,50
9782369409229;146,00
9782369408017;92,50
9782369407997;92,50
9782369408000;92,50
9782369408024;92,50
9782369408031;92,50
9782369407126;145,00
9782385514532;92,50
9782369409236;146,00
9782369408055;92,50
9782369408062;92,50
9782369408086;92,50
9782369408079;92,50
9782369407072;145,00
9782369408048;92,50
9782369409243;146,00
9782369408116;92,50
9782369408093;92,50
9782369408109;92,50
9782369408123;92,50
9782369408130;92,50
9782369407133;145,00
9782385514549;92,50
9782369409250;146,00
9782369408154;92,50
9782369408161;92,50
9782369408185;92,50
9782369408178;92,50
9782369407089;145,00
9782369408147;92,50
9782369409205;146,00
9782369408215;92,50
9782369408192;92,50
9782369408208;92,50
9782369408222;92,50
9782369407140;145,00
9782385514556;92,50
9782369409212;146,00
9782369408246;92,50
9782369408253;92,50
9782369408277;92,50
9782369408260;92,50
9782369407096;145,00
9782369408239;92,50
9782369408284;78,50
9782369408314;78,50
9782369408307;78,50
9782369405467;66,00
9782369405474;78,50
9782369405481;66,00
9782369408321;78,50
9782369405511;66,00
9782369405504;66,00
9782369405528;66,00
9782369405535;66,00
9782369405542;66,00
9782369405559;66,00
9782369405573;66,00
9782369406488;69,50
9782369406495;69,50
9782369406525;69,50
9782369406532;69,50
9782369406501;69,50
9782369406518;69,50
9782369407171;69,50
9782369407195;69,50
9782369407218;69,50
9782369407157;69,50
9782369407188;69,50
9782369407201;69,50
9782369407225;69,50
9782369407164;69,50
9782369408338;78,50
9782266204910;93,00
9782266293457;24,00
9782266204972;109,00
9782266199667;85,00
9782266275637;93,00
9782266149082;78,00
9782266128469;85,00
9782266295536;24,00
9782266267281;93,00
9782266289221;38,00
9782266132039;85,00
9782266289283;24,00
9782266204927;102,00
9782266178945;67,00
9782266203227;68,00
9782266290654;113,00
9782266203579;68,00
9782266254489;111,00
9782266285711;80,00
9782266122351;93,00
9782266099585;74,00
9782266283038;75,00
9782266207249;74,00
9782266283304;102,00
9782266150507;102,00
9782266150613;113,00
9782266126304;64,00
9782266205290;93,00
9782266230063;85,00
9782266151184;78,00
9782266283021;72,00
9782266117166;74,00
9782266200462;78,00
9782266146722;74,00
9782266022507;93,00
9782266245487;122,00
9782266185691;93,00
9782092520895;92,50
9782092529829;92,50
9782092566626;90,50
9782092592274;79,50
9782092546253;90,50
9782092588208;90,50
9782092590751;90,50
9782095039806;82,50
9782095031039;82,50
9782095039820;82,50
9782092496336;185,00
9782095036201;82,50
9782095031374;82,50
9782095036225;82,50
9782095036300;82,50
9782095036188;82,50
9782095031336;82,50
9782092588062;100,00
9782092592519;82,50
9782092491256;79,50
9782092529768;82,50
9782092537909;82,50
9782092529782;82,50
9782092556375;82,50
9782092574133;82,50
9782092561591;105,50
9782095066208;105,50
9782092588475;105,50
9782092491720;92,50
9782092523698;113,50
9782092590966;82,50
9782092594780;82,50
9782092556610;82,50
9782095062323;86,50
9782095048907;86,50
9782095048921;86,50
9782095054885;86,50
9782095048983;86,50
9782095050900;86,50
9782095057107;86,50
9782095048945;86,50
9782095054861;86,50
9782095049027;86,50
9782095054830;86,50
9782092567036;132,50
9782095054908;86,50
9782092534861;86,50
9782095049003;86,50
9782095048969;86,50
9782095054816;86,50
9782092823996;132,50
9782095058463;98,50
9782092524206;92,50
9782092595053;66,00
9782095018313;92,50
9782092507230;90,50
9782095058104;105,50
9782095058128;105,50
9782092550038;93,50
9782092517222;77,50
9782092495803;90,50
9782095043216;105,50
9782095049140;105,50
9782095049164;105,50
9782095043230;105,50
9782095055523;105,50
9782095052560;82,50
9782092550700;90,50
9782092592298;79,50
9782092494110;92,50
9782095055578;82,50
9782092527931;132,00
9782092531976;106,50
9782092527887;120,00
9782092531891;120,00
9782092531884;106,50
9782092527917;106,50
9782092527863;120,00
9782092527924;126,50
9782092527849;106,50
9782092527870;106,50
9782092531907;126,50
9782092531877;106,50
9782092587461;82,50
9782095017675;82,50
9782092571286;82,50
9782092580325;82,50
9782092556412;82,50
9782092572412;82,50
9782092580714;90,50
9782092506929;90,50
9782092517161;90,50
9782092588963;79,50
9782092519288;105,50
9782092592335;79,50
9782092594193;90,50
9782095049041;86,50
9782095031114;82,50
9782092588949;79,50
9782095037178;82,50
9782092552230;90,50
9782092528334;86,50
9782095066277;86,50
9782095050788;82,50
9782092546949;86,63
9782095049331;86,50
9782095049355;86,50
9782092503850;90,50
9782092491232;79,50
9782092490495;106,50
9782095003777;106,50
9782095003791;106,50
9782092543856;90,50
9782092533918;86,50
9782092533901;86,50
9782092533949;86,50
9782095049867;86,50
9782095049881;86,50
9782092541548;92,00
9782092506905;90,50
9782095039943;82,50
9782095031152;82,50
9782095031213;82,50
9782095039905;82,50
9782095039929;82,50
9782095031190;82,50
9782095060572;82,50
9782095039882;82,50
9782092520871;92,50
9782092495766;92,50
9782092491294;79,50
9782092592472;82,50
9782095003593;92,00
9782092495827;90,50
9782092592359;79,50
9782092596289;92,00
9782095029067;92,50
9782095050832;86,50
9782092556351;82,50
9782092536797;86,50
9782092530726;90,50
9782092526781;92,50
9782092520956;92,50
9782092580035;90,50
9782092522806;92,50
9782092506707;90,50
9782092596005;100,00
9782095018337;92,50
9782092588543;100,00
9782092588529;92,50
9782092826386;90,50
9782092524336;90,50
9782092507858;77,50
9782092508015;90,50
9782092517376;90,50
9782095049065;82,50
9782092553640;82,50
9782092536773;82,50
9782095064532;84,00
9782092555354;77,50
9782095018412;92,50
9782092495742;92,50
9782092546239;90,50
9782092593219;146,00
9782095049317;132,50
9782092527191;92,50
9782092589007;79,50
9782092596265;105,50
9782092589120;105,50
9782092592618;105,50
9782092494011;105,50
9782092527900;132,00
9782092546543;86,50
9782092538067;92,50
9782095066185;82,50
9782092587836;82,50
9782092591321;82,50
9782092591956;82,50
9782095062309;82,50
9782092536575;82,50
9782092495025;82,50
9782092503836;80,00
9782092495681;92,50
9782092491317;79,50
9782092525937;90,50
9782092491409;79,50
9782092495728;92,50
9782092595848;92,00
9782092491768;92,50
9782095003326;105,50
9782092593363;100,00
9782092557822;50,00
9782092552360;28,00
9782092552353;28,00
9782092571989;86,50
9782092490914;55,00
9782092513101;92,50
9782092506677;90,50
9782092536834;82,50
9782092530351;82,50
9782095029104;92,50
9782092506691;77,50
9782095018221;92,50
9782095063801;82,50
9782095046538;82,50
9782092536759;86,50
9782095049904;86,50
9782092588376;105,50
9782092544075;90,50
9782092492970;105,50
9782092528198;90,50
9782092490679;106,50
9782092535707;90,50
9782092566114;92,00
9782092574232;88,20
9782092588987;79,50
9782095029081;92,50
9782092533383;92,50
9782095034214;82,50
9782095044251;82,50
9782095060596;82,50
9782095034245;82,50
9782095034276;82,50
9782095034320;82,50
9782092524817;100,00
9782095033811;92,50
9782092504307;90,50
9782092595824;92,00
9782092491744;92,50
9782092592496;82,50
9782095066161;82,50
9782095044275;82,50
9782092525685;90,50
9782092496046;90,50
9782092520888;92,50
9782092495704;92,50
9782092589021;79,50
9782092583647;158,50
9782092587430;105,50
9782092590386;105,50
9782092576434;132,50
9782092590584;132,50
9782092576458;132,50
9782092594810;132,50
9782092576397;105,50
9782092583623;105,50
9782092591291;146,00
9782092590867;146,00
9782092593158;105,50
9782092576410;105,50
9782092593165;146,00
9782092593936;132,50
9782092492956;132,50
9782095018450;105,50
9782095017569;105,50
9782092583661;158,50
9782092581933;132,50
9782092594803;105,50
9782748507065;106,00
9782748506402;100,00
9782748510683;53,50
9782748516951;106,00
9782748511123;106,00
9782748511130;53,50
9782748515367;53,50
9782748511550;53,50
9782748509274;53,50
9782748510911;53,50
9782748512946;106,00
9782748504897;53,50
9782748505641;100,00
9782748505689;53,50
9782748517170;53,50
9782748505696;53,50
9782748530742;132,50
9782748537277;146,00
9782748530810;132,50
9782748515015;80,00
9782748516999;106,00
9782748537079;106,00
9782748526844;106,00
9782748505702;53,50
9782748511871;53,50
9782748508833;53,50
9782748521924;53,50
9782748521368;53,50
9782748537321;53,50
9782748521382;53,50
9782748537345;106,00
9782748525465;53,50
9782748504903;53,50
9782841464395;92,50
9782748505740;92,50
9782748513509;106,00
9782748505276;113,50
9782748506525;53,50
9782748520743;106,00
9782748537369;53,50
9782748510652;53,50
9782748504910;53,50
9782748505481;53,50
9782748537055;106,00
9782748524802;106,00
9782748512632;106,00
9782748512625;92,50
9782748529869;106,00
9782748504934;53,50
9782748506907;53,50
9782748511833;53,50
9782748527117;53,50
9782748506891;53,50
9782748505474;53,50
9782748526745;53,50
9782748506556;53,50
9782748526721;106,00
9782748508963;73,50
9782748524840;53,50
9782748526509;53,50
9782748523485;53,50
9782748505719;53,50
9782748511215;53,50
9782748527025;53,50
9782748505542;102,50
9782748539639;79,50
9782748506006;53,50
9782748539417;132,50
9782748516982;80,00
9782748513530;106,00
9782748530919;85,50
9782748530896;85,50
9782748515435;106,00
9782748506570;53,50
9782748507911;92,50
9782748526981;106,00
9782748510669;53,50
9782748511994;106,00
9782748512014;92,50
9782748524253;106,00
9782748530308;106,00
9782748530261;106,00
9782748530988;106,00
9782748527339;106,00
9782748530322;106,00
9782748530285;106,00
9782748530995;106,00
9782748537246;106,00
9782748527346;96,00
9782748531008;106,00
9782261402175;60,00
9782261403769;60,00
9782261404056;60,00
9782261402229;60,00
9782261404049;60,00
9782261403752;60,00
9782261403776;60,00
9782261402236;60,00
9782261403783;60,00
9782261404117;60,00
9782261403417;60,00
9782261402144;60,00
9782261404025;60,00
9782261402212;60,00
9782261404032;60,00
9782261403400;60,00
9782261404100;60,00
9782261403387;60,00
9782261403721;60,00
9782261403745;60,00
9782261404124;60,00
9782261403738;60,00
9782261402120;60,00
9782725620039;80,00
9782725620695;80,00
9782725632735;80,00
9782725622798;80,00
9782725636870;80,00
9782725620718;80,00
9782725620053;80,00
9782725626147;80,00
9782725620046;80,00
9782725632728;80,00
9782725621395;79,50
9782725621388;80,00
9782210974739;118,50
9782210972605;78,50
9782210969513;69,50
9782210987517;69,50
9782210960589;69,50
9782210961357;69,50
9782210983410;73,50
9788411573764;236,50
9788411573788;236,50
9788419236968;311,50
9788415620587;169,00
9788419236975;311,50
9788415640004;169,00
9788419236982;311,50
9788415640332;169,00
9788419236999;336,50
9788418224973;336,50
9788418224980;336,50
9788418224997;336,50
9788419072986;336,50
9788419236883;244,00
9788417260781;144,00
9788419236890;244,00
9788417260811;144,00
9788419236906;244,00
9788417260842;144,00
9788419236913;286,50
9788419236920;286,50
9788419236937;286,50
9788419236944;286,50
9788419236951;286,50
9788411570114;299,00
9788411570121;161,50
9788411570152;299,00
9788411570169;161,50
9788411570190;299,00
9788411570206;161,50
9788411570237;299,00
9788411570244;161,50
9788411571647;299,00
9788411571654;161,50
9788419236753;369,00
9788417260873;224,00
9788419236760;369,00
9788417260903;224,00
9788419236777;369,00
9788417260934;224,00
9788419236784;369,00
9788417260965;224,00
9788419236791;369,00
9788484437758;224,00
9788419236807;369,00
9788416273171;224,00
9788419236814;369,00
9788416273218;224,00
9788419236821;369,00
9788416347919;224,00
9788419236838;369,00
9788416657629;224,00
9788411571579;286,50
9788411571586;149,00
9788411571609;286,50
9788411571616;149,00
9788411571821;286,50
9788411571838;149,00
9788419236593;494,00
9788419236609;494,00
9788484439271;399,00
9788419236616;494,00
9788416273249;399,00
9788419236623;494,00
9788416347940;399,00
9788411571517;349,00
9788411571524;181,50
9788411571548;349,00
9788411571555;181,50
9788411573702;361,50
9788411573719;181,50
9788411573733;361,50
9788411573740;181,50
9788419236531;369,00
9788417249656;186,50
9788419236555;374,00
9788417249663;186,50
9788419236562;374,00
9788417249670;186,50
9788419236579;374,00
9788417249687;186,50
9788419236586;399,00
9788418224423;206,50
9788411570039;299,00
9788411570046;156,50
9788411570077;299,00
9788411570084;156,50
9788411571234;299,00
9788411571241;156,50
9788411571265;299,00
9788411571272;156,50
9788484433507;361,50
9788411573801;361,50
9788411571685;349,00
9788419273253;349,00
9788484436676;299,00
9788484436690;299,00
9788484437635;299,00
9788411571753;299,00
9788419236463;311,50
9788416347698;286,50
9788416347704;162,50
9788419236470;311,50
9788416347711;286,50
9788416347728;162,50
9788419236487;311,50
9788416347803;286,50
9788416347810;162,50
9788411571807;249,00
9788419236494;286,50
9788417710682;144,00
9788419236500;286,50
9788417710705;144,00
9788419236517;286,50
9788417710729;144,00
9788419236524;286,50
9788417710743;144,00
9788411573535;311,50
9788411573542;161,50
9788411573566;311,50
9788411573573;161,50
9788411573597;311,50
9788411573603;161,50
9788411575737;311,50
9788411575744;161,50
9788419236395;344,00
9788416943777;181,50
9788419236401;344,00
9788416943807;286,50
9788416943814;181,50
9788419236418;344,00
9788416943845;286,50
9788416943852;181,50
9788419236425;399,00
9788415620761;194,00
9788419236432;399,00
9788415620884;194,00
9788419236449;399,00
9788415846321;194,00
9788419236456;399,00
9788416057221;194,00
9788419236043;456,50
9788411573528;206,50
9788419236067;456,50
9788419236081;481,50
9788419236098;386,50
9788419236104;386,50
9788418224898;349,00
9788419236111;481,50
9788419236289;499,00
9788415620792;274,00
9788419236296;499,00
9788415640370;411,50
9788415640387;274,00
9788419236302;499,00
9788415640400;411,50
9788415640417;274,00
9788411575645;449,00
9788411575652;249,00
9788411575676;449,00
9788411575683;249,00
9788411575706;449,00
9788411575713;249,00
9788411573467;444,00
9788411573474;444,00
9788411573481;444,00
9788411573498;444,00
9788419236319;361,50
9788418625183;219,00
9788419236326;361,50
9788418625237;219,00
9788419236333;361,50
9788418625282;219,00
9788419236340;361,50
9788418907777;219,00
9788419236005;424,00
9788416347650;236,50
9788419236012;424,00
9788416347674;236,50
9788419236029;424,00
9788416657537;236,50
9788419236036;424,00
9788416347834;236,50
9788419236388;481,50
9788416273485;411,50
9788416657025;249,00
9788419236357;499,00
9788411571456;449,00
9788411573245;386,50
9788411573252;199,00
9788411573269;386,50
9788411573276;199,00
9788418032110;431,50
9788418907371;499,00
9788417710774;361,50
9788417260699;361,50
9788415846291;361,50
9788484436591;361,50
9788411573047;374,00
9788416273775;349,00
9788419273635;399,00
9788411571715;399,00
9788411571739;399,00
9788411573832;399,00
9788417710835;449,00
9788417710842;449,00
9788417710859;449,00
9788417710866;449,00
9782090383850;198,00
9782090384161;267,00
9782090384178;181,00
9782090384192;267,00
9782090384208;187,50
9782090384338;280,00
9782090384345;193,00
9782090383461;279,00
9782090383478;218,00
9782090351149;150,50
9782090384284;279,00
9782090384291;220,50
9782090351170;150,50
9782090384307;279,00
9782090384314;222,00
9782090351194;150,50
9782090396874;234,00
9782090396881;234,00
9782090398137;234,00
9782090398144;234,00
9782090398151;240,50
9782090398168;240,50
9782090358926;248,50
9782090358933;177,00
9782090358957;248,50
9782090358964;177,00
9782090360905;248,50
9782090360912;177,00
9782090358032;235,00
9782090358049;214,00
9782090358506;73,00
9782090358063;230,00
9782090358094;207,50
9782090358919;73,00
9782090383706;259,00
9782090383720;259,00
9782090398519;259,00
9782090350005;232,50
9782090350012;207,50
9782090350128;240,50
9782090350296;214,00
9782090354775;215,50
9782090354782;205,00
9782090354720;215,50
9782090354737;205,00
9782090357486;259,00
9782090357493;187,50
9782090358476;78,00
9782090357516;259,00
9782090357523;187,50
9782090358483;78,00
9782090357547;271,00
9782090357554;193,00
9782090358490;86,00
9782090358988;263,00
9782090358995;183,50
9782090359015;86,00
9782090362169;263,00
9782090362176;183,50
9782090388251;259,00
9782090388268;187,50
9782090388312;251,00
9782090388329;187,50
9782090388282;271,00
9782090388299;187,50
9782090388640;271,00
9782090388657;187,50
9782090389241;259,00
9782090389258;183,50
9782090389272;261,50
9782090389289;187,50
9782090389302;275,00
9782090389319;193,00
9782090389333;277,50
9782090389340;198,00
9782090388084;354,00
9782090388107;360,50
9782090388121;374,00
9782090354904;259,00
9782090354911;187,50
9782090354935;259,00
9782090354942;187,50
9782090354966;268,00
9782090354973;211,50
9782090383232;275,00
9782090383249;214,00
9782090387858;242,00
9782090387865;183,50
9782090387889;261,50
9782090387896;183,50
9782090387919;275,00
9782090387926;187,50
9782090387940;275,00
9782090387957;187,50
9782090333756;251,00
9782090333763;195,50
9782090333787;251,00
9782090333794;195,50
9782090333848;268,00
9782090333855;201,00
9782090354485;352,50
9782090354508;359,50
9782090354522;363,00
9782090362190;330,00
9782090362206;194,50
9782090358841;330,00
9782090358858;197,00
9782090358803;330,00
9782090358810;197,00
9782090398090;337,00
9782090398106;205,00
9782090389760;335,50
9782090389777;198,00
9782090389708;343,50
9782090389715;206,00
9782090389739;343,50
9782090389746;206,00
9782090356120;331,50
9782090356137;202,00
9782090387056;343,50
9782090387063;205,00
9782090387094;350,00
9782090387100;205,00
9782090387186;342,00
9782090387193;211,50
9782090387216;354,00
9782090387223;215,50
9782090387247;362,00
9782090387254;220,50
9782090330274;348,50
9782090336689;207,50
9782090336702;359,50
9782090336986;213,00
9782090330281;371,00
9782090330298;222,00
9782090352603;351,50
9782090352610;205,00
9782090352634;358,00
9782090352641;210,00
9782090358124;317,00
9782090358131;195,50
9782090358155;338,00
9782090358162;207,50
9782090355697;312,00
9782090355703;182,50
9782090355727;312,00
9782090355734;182,50
9782090355802;326,50
9782090355819;193,00
9782090355833;331,50
9782090355840;198,00
9782090356151;375,00
9782090356168;222,00
9782090356076;411,00
9782090356083;416,00
9782090356090;433,00
9782090356106;436,00
9782090356113;453,00
9782090385250;351,50
9782090385267;220,50
9782090385281;356,50
9782090385298;224,50
9782090385311;370,00
9782090385328;228,50
9782090385342;374,00
9782090385359;231,00
9782090385373;391,00
9782090385380;234,00
9782090356014;293,50
9782090356021;302,50
9782090386974;330,00
9782090386943;341,00
9782090387032;341,00
9782090386325;342,00
9782090386097;214,00
9782090386110;352,50
9782090386127;222,00
9782090386141;368,50
9782090386158;224,50
9782090386028;348,50
9782090386035;214,00
9782090386059;359,50
9782090386066;222,00
9782090385885;383,00
9782090385892;231,00
9782090385922;387,00
9782090385939;239,00
9782090385960;413,50
9782090385977;275,00
9782090384925;408,00
9782090384932;275,00
9782090384956;422,50
9782090384963;275,00
9782090384987;352,50
9782090384994;220,50
9782090385014;359,50
9782090385021;223,50
9782090385045;368,50
9782090385052;234,00
9782090384895;405,50
9782090384901;248,50
9782090352900;356,50
9782090352917;209,00
9782090352948;351,50
9782090352955;202,00
9782090352979;359,50
9782090352986;206,00
9782090353006;374,00
9782090353013;206,00
9782090386523;300,00
9782090386530;183,50
9782090331677;202,00
9782090331684;202,00
9782090331707;315,50
9782090331936;247,00
9782090332056;214,00
9782090332070;223,50
9782090354843;298,50
9782090398175;371,00
9782090398182;214,00
9782090386660;358,00
9782090386677;202,00
9782090398205;414,50
9782090398212;227,50
9782090386608;401,50
9782090386615;214,00
9782090363302;422,50
9782090363319;227,50
9782090399875;342,00
9782090386905;201,00
9782090386851;401,50
9782090386875;220,50
9782090386820;399,00
9782090386837;216,50
9782090398526;378,00
9782090398564;379,00
9782090398083;318,00
9782090333480;318,00
9782090323160;258,00
9782090380101;291,50
9782090363418;239,50
9782090363425;250,50
9782090397987;250,50
9782090397994;254,50
9782090398007;257,00
9782090398014;271,50
9782090352467;265,00
9782090352481;269,00
9782090352368;274,00
9782090395181;254,50
9782090398069;254,50
9782090398076;254,50
9782090398038;269,00
9782090398021;269,00
9782090398045;287,50
9782090398052;323,50
9782090352443;273,00
9782090352306;305,00
9782090352313;346,00
9782090397512;233,00
9782090397529;246,50
9782090398588;435,00
9782090382563;238,50
9782090381801;255,50
9782090398410;254,50
9782090382471;146,50
9782090382464;291,50
9782090362565;334,00
9782090384529;169,00
9782090398502;356,50
9782090381023;169,00
9782090381030;392,50
9782090381047;180,00
9782090363173;366,00
9782090381986;173,00
9782090395136;415,00
9782090398960;173,00
9782090362589;387,50
9782090380699;181,00
9782090382181;374,00
9782090384413;169,00
9782090398489;363,50
9782090380187;180,00
9782090398571;374,00
9782090380163;180,00
9782090362541;371,50
9782090382013;176,00
9782090363180;372,50
9782090384543;181,00
9782090382228;423,00
9782090381078;184,00
9782090382167;382,00
9782090384598;210,50
9782090363197;379,50
9782090384604;210,50
9782090384574;370,00
9782090384581;203,50
9782090398465;416,50
9782090384420;173,00
9782090362558;386,00
9782090384468;174,50
9782090398632;406,00
9782090384482;184,00
9782090398601;359,50
9782090384611;178,50
9782090398625;407,00
9782090380712;174,50
9782090382259;412,50
9782090382068;181,00
9782090377118;402,00
9782090395112;358,00
9782090398250;368,50
9782090380583;362,00
9782090395129;380,50
9782090398243;370,00
9782090363524;360,50
9782090380637;380,50
9782090395099;360,50
9782090395105;404,50
9782090398236;380,50
